average,std
241.65504015040824,252.20013576688092
241.20965424091668,250.10696360193626
