average,std
289.1902521630349,278.80097614084684
288.52782793975945,276.0445427703439
